{"schemaVersion":"1.0","appDefinitionTemplate":{"id":"/providers/Microsoft.PowerApps/apps/","type":"Microsoft.PowerApps/apps","tags":{"primaryDeviceWidth":"1136","primaryDeviceHeight":"640","sienaVersion":"20201001T121250Z-3.20093.27.0","deviceCapabilities":"","supportsPortrait":"false","supportsLandscape":"true","primaryFormFactor":"Phone","publisherVersion":"3.20093.27","minimumRequiredApiVersion":"2.2.0","hasComponent":"false","hasUnlockedComponent":"false","isUnifiedRootApp":"false"},"properties":{"appVersion":"2020-10-01T12:12:50Z","lifeCycleId":"Published","createdByClientVersion":{"major":3,"minor":20093,"build":27,"revision":0,"majorRevision":0,"minorRevision":0},"minClientVersion":{"major":3,"minor":20093,"build":27,"revision":0,"majorRevision":0,"minorRevision":0},"backgroundColor":"rgba(208, 52, 56, 1)","backgroundImageUri":"/9401365910147453341/Nd01a3d2e-be32-4cbe-91cb-987d28cd2aa9-logoSmallFile","displayName":"Quiz App","description":"","commitMessage":"","appUris":{"documentUri":{"value":"/9401365910147453341/N7f46c0bc-52f5-44f5-acae-db2b26d61dad-document.msapp","readonlyValue":"/9401365910147453341/N7f46c0bc-52f5-44f5-acae-db2b26d61dad-document.msapp"},"imageUris":[]},"createdTime":"0001-01-01T00:00:00Z","lastModifiedTime":"0001-01-01T00:00:00Z","sharedGroupsCount":0,"sharedUsersCount":0,"icons":{"smallIconUri":"/9401365910147453341/N9c07a23b-16b0-447c-b741-15a50e1ac563-small.png","mediumIconUri":"/9401365910147453341/N847792f0-53b1-463b-936a-4a7c9afb9031-medium.png","largeIconUri":"/9401365910147453341/Nbfd9d9fc-8b5a-47f7-8a20-2e23e15a25c3-large.png","wideIconUri":"/9401365910147453341/N239bc421-a5c5-4383-ba83-c2f65008cef8-wide.png"},"connectionReferences":{"7112cca1-8a8f-4372-bb27-84c4fa18d8fa":{"id":"6f0fe6c6-0eef-48f7-8b03-946b64f4b5c0","displayName":"SharePoint","iconUri":"https://connectoricons-prod.azureedge.net/releases/v1.0.1398/1.0.1398.2149/sharepointonline/icon.png","dataSources":["QuizData","UserQuizData","UserQuizSummary"],"dependencies":[],"dependents":[],"parameterHints":{},"isOnPremiseConnection":false,"bypassConsent":false,"dataSets":{"https://m365x175380.sharepoint.com/sites/Quiz":{"dataSources":{"QuizData":{"tableName":"3ae474c0-0dc2-4388-8cb9-9556096629cb"},"UserQuizData":{"tableName":"7896cc7d-085f-4c0b-9e08-1f00418f654e"},"UserQuizSummary":{"tableName":"d853c791-470e-4b68-abb6-31455547b5db"}}}},"apiTier":"Standard","isCustomApiConnection":false}},"databaseReferences":{},"almMode":"Environment","performanceOptimizationEnabled":true,"canConsumeAppPass":true},"isAppComponentLibrary":false,"appType":"ClassicCanvasApp","appComponents":[]}}