{"schemaVersion":"1.0","appDefinitionTemplate":{"id":"/providers/Microsoft.PowerApps/apps/","type":"Microsoft.PowerApps/apps","tags":{"primaryDeviceWidth":"1136","primaryDeviceHeight":"640","sienaVersion":"20200920T130410Z-3.20092.38.0","deviceCapabilities":"","supportsPortrait":"false","supportsLandscape":"true","primaryFormFactor":"Phone","publisherVersion":"3.20092.38","minimumRequiredApiVersion":"2.2.0","hasComponent":"false","hasUnlockedComponent":"false","isUnifiedRootApp":"false"},"properties":{"appVersion":"2020-09-20T13:04:10Z","lifeCycleId":"Published","createdByClientVersion":{"major":3,"minor":20092,"build":38,"revision":0,"majorRevision":0,"minorRevision":0},"minClientVersion":{"major":3,"minor":20092,"build":38,"revision":0,"majorRevision":0,"minorRevision":0},"backgroundColor":"rgba(0, 176, 240, 1)","backgroundImageUri":"/274710543268530103/N6230991b-751c-4242-be5a-131961f953b9-logoSmallFile","displayName":"Quiz App","description":"","commitMessage":"","appUris":{"documentUri":{"value":"/274710543268530103/N1f3af8d4-e4b0-479e-b3f8-3b06c845ade3-document.msapp","readonlyValue":"/274710543268530103/N1f3af8d4-e4b0-479e-b3f8-3b06c845ade3-document.msapp"},"imageUris":[]},"createdTime":"0001-01-01T00:00:00Z","lastModifiedTime":"0001-01-01T00:00:00Z","sharedGroupsCount":0,"sharedUsersCount":0,"icons":{"smallIconUri":"/274710543268530103/N01eb93c5-c96f-4166-a208-28de07139af3-small.png","mediumIconUri":"/274710543268530103/N63ccf2e6-25ae-4da6-b960-21bd141e2c85-medium.png","largeIconUri":"/274710543268530103/N7964b86a-1046-4610-96ca-7d005dd91128-large.png","wideIconUri":"/274710543268530103/Nc6efc778-04b9-48e3-9db2-0e384baa2199-wide.png"},"connectionReferences":{"e62d86a0-4229-495f-8a8c-18db0329a19b":{"id":"68663f01-f145-4351-82f6-6d4b4972329e","displayName":"SharePoint","iconUri":"https://connectoricons-prod.azureedge.net/releases/v1.0.1398/1.0.1398.2149/sharepointonline/icon.png","dataSources":["QuizData","UserQuizSummary","UserQuizData"],"dependencies":[],"dependents":[],"parameterHints":{},"isOnPremiseConnection":false,"bypassConsent":false,"dataSets":{"https://microsoftapc.sharepoint.com/teams/Quiz3":{"dataSources":{"QuizData":{"tableName":"82c0f11d-589e-4d75-9374-9b8f785b6d1f"},"UserQuizSummary":{"tableName":"24b09e0a-052a-42e5-a6dd-7e20307697a6"},"UserQuizData":{"tableName":"a9b53ee8-ed63-4494-890e-2d1dab29c20c"}}}},"apiTier":"Standard","isCustomApiConnection":false}},"databaseReferences":{},"almMode":"Environment","performanceOptimizationEnabled":true,"canConsumeAppPass":true},"isAppComponentLibrary":false,"appType":"ClassicCanvasApp","appComponents":[]}}