{"schemaVersion":"1.0","appDefinitionTemplate":{"id":"/providers/Microsoft.PowerApps/apps/","type":"Microsoft.PowerApps/apps","tags":{"primaryDeviceWidth":"1136","primaryDeviceHeight":"640","sienaVersion":"20200930T072737Z-3.20093.27.0","deviceCapabilities":"","supportsPortrait":"false","supportsLandscape":"true","primaryFormFactor":"Phone","publisherVersion":"3.20093.27","minimumRequiredApiVersion":"2.2.0","hasComponent":"false","hasUnlockedComponent":"false","isUnifiedRootApp":"false"},"properties":{"appVersion":"2020-09-30T07:27:37Z","lifeCycleId":"Published","createdByClientVersion":{"major":3,"minor":20093,"build":27,"revision":0,"majorRevision":0,"minorRevision":0},"minClientVersion":{"major":3,"minor":20093,"build":27,"revision":0,"majorRevision":0,"minorRevision":0},"backgroundColor":"rgba(208, 52, 56, 1)","backgroundImageUri":"/274710543268530103/N750b1a8b-819c-4ec2-b098-b9c764cb5753-logoSmallFile","displayName":"Quiz App","description":"","commitMessage":"","appUris":{"documentUri":{"value":"/274710543268530103/N59354379-cb8c-430d-a35d-a75ac6964aec-document.msapp","readonlyValue":"/274710543268530103/N59354379-cb8c-430d-a35d-a75ac6964aec-document.msapp"},"imageUris":[]},"createdTime":"0001-01-01T00:00:00Z","lastModifiedTime":"0001-01-01T00:00:00Z","sharedGroupsCount":0,"sharedUsersCount":0,"icons":{"smallIconUri":"/274710543268530103/N03c4829d-1cb9-4feb-8e7a-be8a0d5e76d6-small.png","mediumIconUri":"/274710543268530103/N66d87c8e-4044-4799-b82c-383d3aef181b-medium.png","largeIconUri":"/274710543268530103/N40a5b272-198b-43c9-9a92-bd923e171b8c-large.png","wideIconUri":"/274710543268530103/N3e4f29cf-d3b9-47a3-887f-debae694b144-wide.png"},"connectionReferences":{"f65b5db5-fc3e-44f8-8b82-9b87e9fee3b1":{"id":"68663f01-f145-4351-82f6-6d4b4972329e","displayName":"SharePoint","iconUri":"https://connectoricons-prod.azureedge.net/releases/v1.0.1398/1.0.1398.2149/sharepointonline/icon.png","dataSources":["UserQuizData","UserQuizSummary"],"dependencies":[],"dependents":[],"parameterHints":{},"isOnPremiseConnection":false,"bypassConsent":false,"dataSets":{"https://microsoftapc.sharepoint.com/teams/Quiz3":{"dataSources":{"UserQuizData":{"tableName":"a9b53ee8-ed63-4494-890e-2d1dab29c20c"},"UserQuizSummary":{"tableName":"86497b56-d990-4bcc-8d15-aad3759f2236"}}}},"apiTier":"Standard","isCustomApiConnection":false},"6ef6a2ed-f665-42f4-b1f7-4ea0db709c5a":{"id":"68663f01-f145-4351-82f6-6d4b4972329e","displayName":"SharePoint","iconUri":"https://connectoricons-prod.azureedge.net/releases/v1.0.1398/1.0.1398.2149/sharepointonline/icon.png","dataSources":["QuizData"],"dependencies":[],"dependents":[],"parameterHints":{},"isOnPremiseConnection":false,"bypassConsent":false,"dataSets":{"https://microsoftapc.sharepoint.com/teams/Quiz3":{"dataSources":{"QuizData":{"tableName":"3db0bd8a-e9c6-456f-ba2d-4881599c361e"}}}},"apiTier":"Standard","isCustomApiConnection":false}},"databaseReferences":{},"almMode":"Environment","performanceOptimizationEnabled":true,"canConsumeAppPass":true},"isAppComponentLibrary":false,"appType":"ClassicCanvasApp","appComponents":[]}}