{"schemaVersion":"1.0","appDefinitionTemplate":{"id":"/providers/Microsoft.PowerApps/apps/","type":"Microsoft.PowerApps/apps","tags":{"primaryDeviceWidth":"1136","primaryDeviceHeight":"640","sienaVersion":"20200924T144441Z-3.20093.27.0","deviceCapabilities":"","supportsPortrait":"false","supportsLandscape":"true","primaryFormFactor":"Phone","publisherVersion":"3.20093.27","minimumRequiredApiVersion":"2.2.0","hasComponent":"false","hasUnlockedComponent":"false","isUnifiedRootApp":"false"},"properties":{"appVersion":"2020-09-24T14:44:41Z","lifeCycleId":"Published","createdByClientVersion":{"major":3,"minor":20093,"build":27,"revision":0,"majorRevision":0,"minorRevision":0},"minClientVersion":{"major":3,"minor":20093,"build":27,"revision":0,"majorRevision":0,"minorRevision":0},"backgroundColor":"rgba(208, 52, 56, 1)","backgroundImageUri":"/274710543268530103/Nc41ee895-26d5-43b5-9c81-56cf41df22fd-logoSmallFile","displayName":"Quiz App","description":"","commitMessage":"","appUris":{"documentUri":{"value":"/274710543268530103/N09920ac1-e7de-4bf1-9ec8-6f36abc709cf-document.msapp","readonlyValue":"/274710543268530103/N09920ac1-e7de-4bf1-9ec8-6f36abc709cf-document.msapp"},"imageUris":[]},"createdTime":"0001-01-01T00:00:00Z","lastModifiedTime":"0001-01-01T00:00:00Z","sharedGroupsCount":0,"sharedUsersCount":0,"icons":{"smallIconUri":"/274710543268530103/N661ec51e-39e0-4b7e-b2f3-4c26430aff20-small.png","mediumIconUri":"/274710543268530103/Nae784b43-c224-48b7-89a2-10fa7123c69a-medium.png","largeIconUri":"/274710543268530103/N0f871db3-cde5-45a1-8514-a34e1b70e7fb-large.png","wideIconUri":"/274710543268530103/Nad88a653-2a13-46dd-aab4-bac4b4271b3e-wide.png"},"connectionReferences":{"e62d86a0-4229-495f-8a8c-18db0329a19b":{"id":"68663f01-f145-4351-82f6-6d4b4972329e","displayName":"SharePoint","iconUri":"https://connectoricons-prod.azureedge.net/releases/v1.0.1398/1.0.1398.2149/sharepointonline/icon.png","dataSources":["QuizData","UserQuizSummary","UserQuizData"],"dependencies":[],"dependents":[],"parameterHints":{},"isOnPremiseConnection":false,"bypassConsent":false,"dataSets":{"https://microsoftapc.sharepoint.com/teams/Quiz3":{"dataSources":{"QuizData":{"tableName":"82c0f11d-589e-4d75-9374-9b8f785b6d1f"},"UserQuizSummary":{"tableName":"24b09e0a-052a-42e5-a6dd-7e20307697a6"},"UserQuizData":{"tableName":"a9b53ee8-ed63-4494-890e-2d1dab29c20c"}}}},"apiTier":"Standard","isCustomApiConnection":false}},"databaseReferences":{},"almMode":"Environment","performanceOptimizationEnabled":true,"canConsumeAppPass":true},"isAppComponentLibrary":false,"appType":"ClassicCanvasApp","appComponents":[]}}