{"schemaVersion":"1.0","appDefinitionTemplate":{"id":"/providers/Microsoft.PowerApps/apps/","type":"Microsoft.PowerApps/apps","tags":{"primaryDeviceWidth":"1136","primaryDeviceHeight":"640","sienaVersion":"20200922T125248Z-3.20092.39.0","deviceCapabilities":"","supportsPortrait":"false","supportsLandscape":"true","primaryFormFactor":"Phone","publisherVersion":"3.20092.39","minimumRequiredApiVersion":"2.2.0","hasComponent":"false","hasUnlockedComponent":"false","isUnifiedRootApp":"false"},"properties":{"appVersion":"2020-09-22T12:52:48Z","lifeCycleId":"Published","createdByClientVersion":{"major":3,"minor":20092,"build":39,"revision":0,"majorRevision":0,"minorRevision":0},"minClientVersion":{"major":3,"minor":20092,"build":39,"revision":0,"majorRevision":0,"minorRevision":0},"backgroundColor":"rgba(0, 176, 240, 1)","backgroundImageUri":"/274710543268530103/Ne49ca8d7-2f41-4269-8cc3-759ebfae6c1e-logoSmallFile","displayName":"Quiz App","description":"","commitMessage":"","appUris":{"documentUri":{"value":"/274710543268530103/N662de5fb-6faa-4ef0-b126-3d0ea1f2d745-document.msapp","readonlyValue":"/274710543268530103/N662de5fb-6faa-4ef0-b126-3d0ea1f2d745-document.msapp"},"imageUris":[]},"createdTime":"0001-01-01T00:00:00Z","lastModifiedTime":"0001-01-01T00:00:00Z","sharedGroupsCount":0,"sharedUsersCount":0,"icons":{"smallIconUri":"/274710543268530103/Nb4a86c32-589a-4c9b-adc6-e25420b05dfb-small.png","mediumIconUri":"/274710543268530103/Nada5471d-eeb9-43a2-84f1-ed6a605db7b2-medium.png","largeIconUri":"/274710543268530103/N0bc54b68-248a-4800-8d60-bbb366be9ff1-large.png","wideIconUri":"/274710543268530103/N927db0e0-9024-4e84-8221-3629bf124cd2-wide.png"},"connectionReferences":{"e62d86a0-4229-495f-8a8c-18db0329a19b":{"id":"68663f01-f145-4351-82f6-6d4b4972329e","displayName":"SharePoint","iconUri":"https://connectoricons-prod.azureedge.net/releases/v1.0.1398/1.0.1398.2149/sharepointonline/icon.png","dataSources":["QuizData","UserQuizSummary","UserQuizData"],"dependencies":[],"dependents":[],"parameterHints":{},"isOnPremiseConnection":false,"bypassConsent":false,"dataSets":{"https://microsoftapc.sharepoint.com/teams/Quiz3":{"dataSources":{"QuizData":{"tableName":"82c0f11d-589e-4d75-9374-9b8f785b6d1f"},"UserQuizSummary":{"tableName":"24b09e0a-052a-42e5-a6dd-7e20307697a6"},"UserQuizData":{"tableName":"a9b53ee8-ed63-4494-890e-2d1dab29c20c"}}}},"apiTier":"Standard","isCustomApiConnection":false}},"databaseReferences":{},"almMode":"Environment","performanceOptimizationEnabled":true,"canConsumeAppPass":true},"isAppComponentLibrary":false,"appType":"ClassicCanvasApp","appComponents":[]}}